{"train": {"loss": 0.5625844699144368, "acc": 0.8487999990582464, "nc1_support": 22.647483463287355, "nc2_support": 1.0967300140857699, "nc1_query": 22.114898958206176, "nc2_query": 1.0957040476799007}, "val": {"loss": 0.047411845242750134, "acc": 0.9829333394765857, "nc1_support": 0.10140982400625943, "nc2_support": 0.4385960344970225, "nc1_query": 0.14555450461804867, "nc2_query": 0.4513201618194581}, "epoch": 1}
{"train": {"loss": 0.228631092980504, "acc": 0.9310000020265581, "nc1_support": 19.927419900894176, "nc2_support": 1.0722528553009028, "nc1_query": 20.838041191101077, "nc2_query": 1.0716813755035395}, "val": {"loss": 0.029706748036078357, "acc": 0.9900000053644182, "nc1_support": 0.08859982695430522, "nc2_support": 0.41201109781861306, "nc1_query": 0.11944450624287131, "nc2_query": 0.4241098703444005}, "epoch": 2}
{"train": {"loss": 0.18637962736189362, "acc": 0.9447666597366334, "nc1_support": 20.344088153839103, "nc2_support": 1.0648294985294344, "nc1_query": 20.798293495178214, "nc2_query": 1.0652760696411134}, "val": {"loss": 0.02843712583341584, "acc": 0.9910666716098788, "nc1_support": 0.08743524193763733, "nc2_support": 0.4145679193735123, "nc1_query": 0.11255853042006495, "nc2_query": 0.42668211743235596}, "epoch": 3}
